{
  "project_info": {
    "project_number": "801856405646",
    "project_id": "aplicacionviaje-82393",
    "storage_bucket": "aplicacionviaje-82393.firebasestorage.app"
  },
  "client": [
    {
      "client_info": {
        "mobilesdk_app_id": "1:801856405646:android:d77d92cca34de2622b49df",
        "android_client_info": {
          "package_name": "com.example.aplicacionviaje"
        }
      },
      "oauth_client": [],
      "api_key": [
        {
          "current_key": "AIzaSyBjdeJ3trrCk9J7kBOrjjXbepqlE0HK5WE"
        }
      ],
      "services": {
        "appinvite_service": {
          "other_platform_oauth_client": []
        }
      }
    }
  ],
  "configuration_version": "1"
}